Institution Name,Institution GND,Institution Lat,Institution Lng,located at,location geonames ID,location Lat,location Lng,part of,type of location
National Museum of Australia,http://d-nb.info/gnd/4439156-0,-35.2917,149.1195,Canberra,2172517,-35.28346,149.12807,Australia,city
National Library of Australia,http://d-nb.info/gnd/5118704-8,-35.296624,149.129825,Parkes,8555700,-35.30177,149.13041,Australia,city
Stiftung Mozarteum Salzburg,http://d-nb.info/gnd/16271979-6,47.803503,13.041992,Andräviertel,6941547,47.80523,13.04086,Austria,city
Österreichische Nationalbibliothek,http://d-nb.info/gnd/2050296-5,48.205432,16.365011,Innere Stadt,2775260,48.20906,16.37135,Austria,city
Austrian Centre for Digital Humanities at the Austrian Academy of Sciences,http://d-nb.info/gnd/1123037736,48.209133,16.377123,Vienna,2761369,48.20849,16.37208,Austria,city
University of Vienna,,48.213184,16.360052,Vienna,2761369,48.20849,16.37208,Austria,city
Robert Musil-Institut für Literaturforschung - Kärntner Literaturarchiv at Alpen-Adria-Universität Klagenfurt,,46.616095,14.265285,Klagenfurt am Wörthersee,2774326,46.62472,14.30528,Austria,city
Universität für Musik und darstellende Kunst,,48.195714,16.38139,Vienna,2761369,48.20849,16.37208,Austria,city
University of Antwerp,http://d-nb.info/gnd/5017340-6,51.1641,4.4066,Kerkeveld,2794549,51.16667,4.4,Belgium,city
Centrum voor Teksteditie en Bronnenstudie (Koninklijke Academie voor Nederlandse Taal- en Letterkunde),,51.0558,3.7281,Binnenstad,11352054,51.05374,3.72549,Belgium,city
Royal Museum for Central Africa,,50.830895,4.518294,Tervuren,2785622,50.82372,4.51418,Belgium,city
King Baudouin Foundation,,50.840375,4.362300,Bruxelles,2800866,50.85045,4.34878,Belgium,city
University of New Brunswick,http://d-nb.info/gnd/11143-0,45.9462,-66.6406,Barkers Point,5893060,45.95165,-66.62339,Canada,city
University of Calgary,http://d-nb.info/gnd/3003635-5,51.078164,-114.135796,Montgomery,6077007,51.07511,-114.16449,Canada,city
Memorial University of Newfoundland,http://d-nb.info/gnd/16156656-X,47.5717,-52.7324,Sand Pits,6140443,47.56659,-52.73134,Canada,city
University of Victoria,http://d-nb.info/gnd/5088685-X,48.4661,-123.3125,Cadboro Bay,5913113,48.46667,-123.3,Canada,city
University of Saskatchewan,,52.1334,-106.631365,Saskatoon,6141256,52.13238,-106.66892,Canada,city
University of Zagreb,http://d-nb.info/gnd/1014349-X,45.81057,15.969784,Britanski trg,6618988,45.81284,15.96497,Croatia,city
University of Copenhagen,http://d-nb.info/gnd/36485-X,55.680205,12.572393,Inner City,6949461,55.6761,12.5683,Denmark,city
St. Catherine's Monastery,,28.555934,33.976037,Saint Catherine,8521413,28.56191,33.94934,Egypt,city
Svenska Litteratursällskapet,http://d-nb.info/gnd/1005799-7,60.170814,24.955789,Kruununhaka,650744,60.17174,24.9566,Finland,city
Institut Universitaire de France,,48.847431,2.348720,Paris,2988507,48.85341,2.3488,France,city
Université Bordeaux Montaigne,,44.795414,-0.616322,Talence,2973495,44.80477,-0.59543,France,city
Université Sorbonne Nouvelle - Paris 3,http://d-nb.info/gnd/1020917-7,48.839804,2.353901,Paris,2988507,48.85341,2.3488,France,city
École française d'Extrême-Orient,,48.864541,2.292172,Paris,2988507,48.85341,2.3488,France,city
Université d’Angers,,47.477092,-0.549938,Angers,3037656,47.46667,-0.55,France,city
Université Jean Monnet Saint-Etienne,http://d-nb.info/gnd/3056310-0,45.427167,4.387831,Saint-Etienne,2980291,45.43389,4.39,France,city
École Normale Supérieure de Lyon,http://d-nb.info/gnd/5130846-0,45.729835,4.826922,La Mouche,3007992,45.73568,4.83314,France,city
CNRS (Institut de recherche et d’histoire des textes),,48.84762,2.26395,Auteuil,6545275,48.84694,2.26366,France,city
CNRS (Centre national de la recherche scientifique),,48.847597,2.264004,Auteuil,6545275,48.84694,2.26366,France,city
CNRS (Centre de théorie et analyse du droit) de l’Université de Paris Nanterre,,48.903904,2.213466,Nanterre,2990970,48.89198,2.20675,France,city
Bibliothèque Nationale de France,http://d-nb.info/gnd/1080038-4,48.833604,2.375763,Austerlitz,6545265,48.83266,2.36794,France,city
Université Lumière Lyon 2,http://d-nb.info/gnd/5098102-X,45.750736,4.837229,Lyon,2996944,45.74846,4.84671,France,city
Université Jean Moulin Lyon 3,,45.748137,4.860366,Lyon,2996944,45.74846,4.84671,France,city
UMR 5648 CIHAM (Centre interuniversitaire d'histoire et d'archéologie médiévale),http://d-nb.info/gnd/5098102-X,45.750736,4.837229,Lyon,2996944,45.74846,4.84671,France,city
UMR 8584 LEM (Laboratoire d'étude sur les monothéismes),,48.831061,2.340174,Paris,2988507,48.85341,2.3488,France,city
Laboratoire d'excellence HASTEC (Histoire et anthropologie des sciences techniques et croyances),,48.831061,2.340174,Paris,2988507,48.85341,2.3488,France,city
Université de Montpellier 3,,43.631575,3.870542,Castelnau-le-Lez,3028337,43.63333,3.9,France,city
Bibliothèque municipale de Rouen,http://d-nb.info/gnd/1032332-6,49.431302,1.08378,Rouen,2982652,49.44313,1.09932,France,city
Centre Flaubert de l'Université de Rouen,,49.458426,1.067995,Rouen,2982652,49.44313,1.09932,France,city
Institut Ausonius Université Bordeaux Montaigne,,44.795424,-0.616349,Pessac,2987805,44.81011,-0.64129,France,city
Centre d'Études Supérieures de la Renaissance,,47.391996,0.682313,Tours,2972191,47.38333,0.68333,France,city
École de l’Innovation et de l’Expertise Informatique (EPITECH),,45.756988,4.857023,Lyon,2996944,45.74846,4.84671,France,city
École Nationale Supérieure des Sciences de l'Information et des Bibliothèques (ENSSIB),,45.780139,4.862513,Villeurbanne,2968254,45.76667,4.88333,France,city
Christophorus Records,,0,0,Freiburg,2925177,47.9959,7.85222,Germany,city
Frankfurter Goethehaus,,50.111227,8.677608,Frankfurt am Main,2925533,50.110924,8.682127,Germany,city
Institute for the History of German Jews,http://d-nb.info/gnd/2013616-X,53.569799,9.975629,Eimsbüttel,2911293,53.56667,9.98333,Germany,city
University of Münster,,51.96148,7.6237,Münster,2867543,51.96236,7.62571,Germany,city
University of Leipzig,,51.338576,12.378464,Leipzig,2879139,51.33962,12.37129,Germany,city
University of Göttingen,http://d-nb.info/gnd/1044306068,51.5434,9.9358,Göttingen,2918632,51.53443,9.93228,Germany,city
University of Augsburg,http://d-nb.info/gnd/7871-2,48.3351,10.8973,Göggingen,2919525,48.33746,10.86482,Germany,city
University of Würzburg,http://d-nb.info/gnd/36189-6,49.7827,9.9677,Wurzburg,2805615,49.79391,9.95121,Germany,city
University of Tübingen,http://d-nb.info/gnd/36187-2,48.529478,9.04377,Tübingen,2820860,48.52266,9.05222,Germany,city
Musikwissenschaftliches Institut der Universität Tübingen,http://d-nb.info/gnd/36187-2,48.52031,9.057021,Tübingen,2820860,48.52266,9.05222,Germany,city
University of Heidelberg,,49.419145,8.670253,Heidelberg,2907911,49.40768,8.69079,Germany,city
University of Trier,http://d-nb.info/gnd/2153481-0,49.745762,6.688459,Tarforst,2823992,49.74157,6.69196,Germany,city
University of Hamburg,,53.566567,9.984614,Hamburg,2911298,53.57532,10.01534,Germany,city
Südwest-Rundfunk Tübingen,,48.522776,9.066659,Tübingen,2820860,48.52266,9.05222,Germany,city
Leipzig University Library,,51.332497,12.368185,Leipzig,2879139,51.33962,12.37129,Germany,city
Herzog August Bibliothek Wolfenbüttel,http://d-nb.info/gnd/1072988283,52.1647,10.5304,Auguststadt,2954132,52.16396,10.52469,Germany,city
Heinrich-Heine-Institut Düsseldorf,http://d-nb.info/gnd/2062050-0,51.222277,6.77287,Dusseldorf,2934246,51.22172,6.77616,Germany,city
Berlin-Brandenburgische Akademie der Wissenschaften,http://d-nb.info/gnd/2131094-4,52.51407,13.39422,Berlin,2950159,52.52437,13.41053,Germany,city
Bayerische Staatsbibliothek,http://d-nb.info/gnd/2068538-5,48.1478,11.5802,Maxvorstadt,6940468,48.14702,11.56903,Germany,city
Akademie der Wissenschaften und der Literatur Mainz,http://d-nb.info/gnd/16325235-X,49.9945,8.2672,Mainz-Oberstadt,8128529,49.98625,8.26447,Germany,city
Goethe Universität Frankfurt am Main,http://d-nb.info/gnd/35074-6,50.120557,8.653013,Bockenheim,2947354,50.12498,8.64538,Germany,city
Universität Freiburg,http://d-nb.info/gnd/2038600-X,47.994875,7.846739,Freiburg,2925177,47.9959,7.85222,Germany,city
Ludwig-Maximilians-Universität München,http://d-nb.info/gnd/2002585-3,48.150857,11.581044,Maxvorstadt,6940468,48.14702,11.56903,Germany,city
SUB Göttingen,,51.533836,9.932205,Göttingen,2918632,51.53443,9.93228,Germany,city
Bildarchiv Foto Marburg,http://d-nb.info/gnd/4655897-4,50.809739,8.774703,Marburg,2873759,50.80904,8.77069,Germany,city
Städel Museum,,50.103094,8.674058,Frankfurt am Main,2925533,50.110924,8.682127,Germany,city
Historisches Museum Frankfurt am Main,,50.109285,8.682487,Frankfurt am Main,2925533,50.110924,8.682127,Germany,city
Max Planck Institute for the History of Science,,52.445403,13.277609,Berlin,2950159,52.52437,13.41053,Germany,city
Cologne Center for eHumanities,,50.926364,6.929763,Cologne,2886242,50.93333,6.95,Germany,city
University of Paderborn,,51.708209,8.771941,Paderborn,2855745,51.71905,8.75439,Germany,city
Staatsbibliothek Berlin – Preußischer Kulturbesitz,,52.517518,13.390997,Berlin,2950159,52.52437,13.41053,Germany,city
Humboldt-Universität zu Berlin,,52.517889,13.393661,Berlin,2950159,52.52437,13.41053,Germany,city
Klassik Stiftung Weimar,,50.980289,11.332184,Weimar,2812482,50.9803,11.32903,Germany,city
Thüringer Universitäts- und Landesbibliothek,,50.930577,11.587758,Jena,2895044,50.92878,11.5899,Germany,city
Landesarchiv Thüringen - Staatsarchiv Greiz,,50.660061,12.196998,Greiz,6551044,50.6577,12.19047,Germany,city
Friedrich-Schiller-Universität Jena,,50.929545,11.589813,Jena,2895044,50.92878,11.5899,Germany,city
Archaeological Museum of Thessaloniki,,40.625243,22.953826,Thessaloniki,734077,40.64361,22.93086,Greece,city
Aristotle University of Thessaloniki,,40.630841,22.959209,Thessaloniki,734077,40.64361,22.93086,Greece,city
University of Szeged,http://d-nb.info/gnd/35684-0,47.680226,16.577958,Lővérek,8063078,47.67492,16.57528,Hungary,city
Indian Ministry of Culture,,28.6162,77.2158,AB2 Pandara Road,11205650,28.6057,77.23103,India,city
Maynooth University,,53.383885,-6.600075,Maynooth,2962668,53385,-6.59361,Ireland,city
University College Dublin,http://d-nb.info/gnd/5283001-9,53.307297,-6.21907,Belfield,6691005,53.31065,-6.22066,Ireland,city
Royal Irish Academy,http://d-nb.info/gnd/37842-2,53.3413,-6.2581,Stephen's Green,6690997,53.33982,-6.26032,Ireland,city
National University of Ireland,http://d-nb.info/gnd/260703-7,53.2798,-9.0581,Shancroagh,3312398,53.28389,-9.04667,Ireland,city
University College Cork,http://d-nb.info/gnd/260719-0,51.892008,-8.493452,The Lough,7869985,51.89064,-8.4884,Ireland,city
Irish Centre for High End Computing,,53.341879,-6.239255,Dublin,2964574,53.33306,-6.24889,Ireland,city
The Israel Museum,,31.772123,35.204083,Jerusalem,281184,31.76904,35.21633,Israel,city
Università degli Studi di Torino,http://d-nb.info/gnd/262196-4,45.069437,7.688894,Turin,3165524,45.07049,7.68682,Italy,city
Università degli Studi di Genova,http://d-nb.info/gnd/16007089-2,44.414918,8.926728,Castelletto,7603217,44.41263,8.93302,Italy,city
Università degli Studi di Siena ad Arezzo,,43.4623,11.8734,Arezzo,3182884,43.46276,11.88068,Italy,city
Università degli Studi di Roma La Sapienza,http://d-nb.info/gnd/5049421-1,41.9004,12.5125,Esquilino,6545157,41.89931,12.5139,Italy,city
Università degli Studi di Pavia,http://d-nb.info/gnd/40464-0,45.1979,9.1728,Pavia,3171366,45.19205,9.15917,Italy,city
Università degli Studi di Bergamo,http://d-nb.info/gnd/1057906557,45.704445,9.660292,Bergamo,3182164,45.69601,9.66721,Italy,city
Università degli Studi di Bologna,,44.496899,11.351758,Bologna,3181928,44.49381,11.33875,Italy,city
Università di Pisa,http://d-nb.info/gnd/5007653-X,43.716729,10.398863,Pisa,3170647,43.70853,10.4036,Italy,city
Società Dantesca Italiana,http://d-nb.info/gnd/1018004-7,43.7714,11.2551,Firenze,3176959,43.77925,11.24626,Italy,city
Fondazione Niccolò Canussio,http://d-nb.info/gnd/5526415-3,46.0957,13.4291,Cividale del Friuli,3178605,46.09019,13.42861,Italy,city
British School at Rome,http://d-nb.info/gnd/1009986-4,41.918599,12.481349,Pinciano,7521561,41.91151,12.47935,Italy,city
Archivio di Stato di Prato,,43.88017,11.09544,Prato,3169921,43.8805,11.09699,Italy,city
European University Institute,http://d-nb.info/gnd/1228587-0,43.803081,11.282946,Ponte alla Badia,8956573,43.8039,11.2797,Italy,city
Scuola Normale Superiore di Pisa,,43.719591,10.400328,Pisa,3170647,43.70853,10.4036,Italy,city
Èulogos S.p.A.,,41.933631,12.537019,Monte Sacro,3169706,41.93333,12.53333,Italy,city
Istituto di Linguistica Computazionale (ILC),,43.719255,10.423982,Al Simonelli Ovest,8963995,43.73069,10.43037,Italy,city
Archivio Storico della Pontificia Università Gregoriana,,41.899002,12.484645,Pigna,6545151,41.89635,12.48463,Italy,city
Istituto di Informatica e Telematica (IIT),,43.71925,10.423993,Al Simonelli Ovest,8963995,43.73069,10.43037,Italy,city
Istituto di Teoria e Tecniche dell’Informazione Giuridica (ITTIG-CNR),http://d-nb.info/gnd/10162236-3,43.79176,11.228091,Firenze,3176959,43.77925,11.24626,Italy,city
Kunsthistorisches Institut in Florenz - Max-Planck-Institut,,43.777317,11.263905,Firenze,3176959,43.77925,11.24626,Italy,city
Casa Editrice Leo S. Olschki,,43.757048,11.304235,Firenze,3176959,43.77925,11.24626,Italy,city
Università degli Studi di Palermo,,38.11779,13.369839,Palermo,2523920,38.13205,13.33561,Italy,city
University of Utrecht,http://d-nb.info/gnd/5570633-2,52.090151,5.122598,Utrecht,2745912,52.09083,5.12222,Netherlands,city
Nationaal Archief,http://d-nb.info/gnd/10041732-2,52.080727,4.326424,Het Spuikwartier,2754207,52.08333,4.31667,Netherlands,city
Huygens ING,http://d-nb.info/gnd/16344478-X,52.081982,4.326968,Het Spuikwartier,2754207,52.08333,4.31667,Netherlands,city
University of Wellington,http://d-nb.info/gnd/5045706-8,-41.28923,174.7677,Kelburn,2188922,-41.28333,174.76667,New Zealand,city
University of Oslo,http://d-nb.info/gnd/1013645-9,59.9405,10.7209,Blindern,3160966,59.93743,10.71819,Norway,city
National Library of Norway,http://d-nb.info/gnd/2165809-2,59.9148,10.7174,Frogner,6940545,59.91924,10.70892,Norway,city
Hebrew University of Jerusalem,http://d-nb.info/gnd/2023678-5,31.794558,35.241395,Nayot,9204036,31.79589,35.24517,Palestine,city
University of Warsaw,http://d-nb.info/gnd/1023111403,52.240339,21.018698,Powiśle,761340,52.23834,21.02839,Poland,city
Staatsarchive Lodz,,51.776188,19.454555,Osiedle Katedralna,8426307,51.77529,19.45503,Poland,city
Narodowy Instytut Fryderyka Chopina,http://d-nb.info/gnd/6123664-0,52.236427,21.022191,Powiśle,761340,52.23834,21.02839,Poland,city
University of Wrocław,,51.114011,17.034477,Stare Miasto,8425992,51.11034,17.03714,Poland,city
National Library in Warsaw,,52.213661,21.003452,Filtry,8425839,52.21878,20.99655,Poland,city
National Library of Russia,http://d-nb.info/gnd/3020410-0,59.933558,30.335748,Saint Petersburg,498817,59.93863,30.31413,Russia,city
Russian Academy of Sciences,http://d-nb.info/gnd/5052646-7,55.71079,37.577826,Novyye Cherëmushki,517161,55.7,37.58333,Russia,city
The State Hermitage,http://d-nb.info/gnd/1027089429,59.939832,30.314562,Saint Petersburg,498817,59.93863,30.31413,Russia,city
National and University Library in Ljubljana,,46.04752,14.503966,Ljubljana,3196359,46.05108,14.50513,Slovenia,city
Universidad del País Vasco,http://d-nb.info/gnd/2138252-9,43.331825,-2.97303,Santsoena,3110032,43.33398,-2.97409,Spain,city
University of Alcalá,,40.482472,-3.362865,Alcalá de Henares,3130616,40.48205,-3.35996,Spain,city
Universitat de Barcelona,http://d-nb.info/gnd/42050-5,41.3872,2.1637,Eixample,6544100,41.38896,2.16179,Spain,city
Biblioteca Nacional de España,http://d-nb.info/gnd/1027025-5,40.42394,-3.6902,Serrano,6545087,40.4264,-3.68761,Spain,city
Real Biblioteca del Palacio Real de Madrid,,40.417962,-3.7143,Opera,6545088,40.41828,-3.70881,Spain,city
University of Zürich,http://d-nb.info/gnd/6109294-0,47.3749,8.5489,Zürich (Kreis 1) / Rathaus,6295483,47.37161,8.54501,Switzerland,city
University of Fribourg,http://d-nb.info/gnd/1068116757,46.806253,7.151837,Fribourg,2660718,46.80237,7.15128,Switzerland,city
University of Bern,http://d-nb.info/gnd/2023768-6,46.9547,7.4305,Bern / Engehalde,2660903,46.9601,7.43843,Switzerland,city
University of Basel,http://d-nb.info/gnd/36146-X,47.5589,7.5835,Grossbasel,7645785,47.55602,7.58906,Switzerland,city
Swiss Lawyers Society,,46.948063,7.447138,Bern,2661552,46.94809,7.44744,Switzerland,city
Stiftsbibliothek St. Gallen,http://d-nb.info/gnd/2089619-0,47.423144,9.376729,St. Gallen,2658822,47.42391,9.37477,Switzerland,city
SIB Swiss Institute of Bioinformatics ,,46.519648,6.574022,Chavannes,2661197,46.53005,6.57068,Switzerland,city
National Museum of the Royal Navy,,50.800598,-1.109769,Portsmouth,2639996,50.79899,-1.09125,United Kingdom,city
Royal Geographical Society,,51.501549,-0.174978,London,2643743,51.50853,-0.12574,United Kingdom,city
Royal Society,,51.505950,-0.132320,London,2643743,51.50853,-0.12574,United Kingdom,city
Wellcome Library,,51.525847,-0.133812,London,2643743,51.50853,-0.12574,United Kingdom,city
Royal Botanical Gardens Kew,,51.478744,-0.295573,London,2648579,55.86515,-4.25763,United Kingdom,city
RSA,,51.509387,-0.122736,London,2648579,55.86515,-4.25763,United Kingdom,city
School of Oriental and African Studies (SOAS) Library at University of London,,51.522346,-0.129272,London,2648579,55.86515,-4.25763,United Kingdom,city
Royal College of Physicians and Surgeons of Glasgow,,55.862413,-4.263449,Glasgow,2648579,55.86515,-4.25763,United Kingdom,city
Mitchell Library,,55.865055,-4.272154,Glasgow,2648579,55.86515,-4.25763,United Kingdom,city
David Livingstone Centre,,55.801817,-4.083357,Glasgow,2648579,55.86515,-4.25763,United Kingdom,city
Estate of Samuel Beckett,,51.509627,-0.132562,Soho,6545173,51.5144,-0.13535,United Kingdom,city
University of Swansea,http://d-nb.info/gnd/7588199-8,51.608696,-3.979953,Killay,2645649,51.61952,-4.01368,United Kingdom,city
University of Sussex,http://d-nb.info/gnd/1025891-7,50.8683,-0.0874,Falmer,2649716,50.86529,-0.07733,United Kingdom,city
University of Southampton,http://d-nb.info/gnd/5045962-4,50.9375,-1.3969,Bassett,2656185,50.94633,-1.40552,United Kingdom,city
University of Manchester,,53.466833,-2.233865,Manchester,2643123,53.48095,-2.23743,United Kingdom,city
John Rylands University Library,,53.464451,-2.235346,Manchester,2643123,53.48095,-2.23743,United Kingdom,city
University of Sheffield,http://d-nb.info/gnd/9595-3,53.3807,-1.4829,Sheffield,2638077,53.38297,-1.4659,United Kingdom,city
University of Reading,http://d-nb.info/gnd/261796-1,51.441413,-0.941833,Earley,2650555,51.44085,-0.92384,United Kingdom,city
University of Oxford,http://d-nb.info/gnd/38352-1,51.7589,-1.2543,Oxford,2640729,51.75222,-1.25596,United Kingdom,city
University of Nottingham,http://d-nb.info/gnd/1030181-1,52.938634,-1.195158,Wilford,2633903,52.92573,-1.16,United Kingdom,city
University of Liverpool,http://d-nb.info/gnd/261911-8,53.405926,-2.965583,Liverpool,2644210,53.41058,-2.97794,United Kingdom,city
University of Leicester,http://d-nb.info/gnd/10119891-7,52.6274,-1.1223,Leicester,2644668,52.6386,-1.13169,United Kingdom,city
University of Hull,http://d-nb.info/gnd/1055477-4,53.7718,-0.3673,Dunswell,2650649,53.80106,-0.37139,United Kingdom,city
University of Exeter,,50.737151,-3.535214,Exeter,2649808,50.7236,-3.52751,United Kingdom,city
University of Edinburgh,http://d-nb.info/gnd/5324753-X,55.944503,-3.189271,Edinburgh,2650225,55.95206,-3.19648,United Kingdom,city
Edinburgh Napier University,,55.918022,-3.239665,Edinburgh,2650225,55.95206,-3.19648,United Kingdom,city
University of Durham,http://d-nb.info/gnd/261225-2,54.764995,-1.578203,Durham,2650628,54.77676,-1.57566,United Kingdom,city
University of Cambridge,http://d-nb.info/gnd/260720-7,52.204249,0.114886,Cambridge,2653941,52.2,0.11667,United Kingdom,city
University of Birmingham,http://d-nb.info/gnd/40138-9,52.4511,-1.9305,Selly Park,10345361,52.44196,-1.9242,United Kingdom,city
Birmingham Conservatoire of Birmingham City University,,52.479281,-1.904862,Birmingham,2655603,52.48142,1.89983,United Kingdom,city
University of Aberdeen,http://d-nb.info/gnd/262019-4,57.1683,-2.1061,Old Aberdeen,2641045,57.16697,-2.10517,United Kingdom,city
University College London,http://d-nb.info/gnd/62498-6,51.524124,-0.134133,Euston,6690576,51.52677,-0.13325,United Kingdom,city
Royal Holloway,http://d-nb.info/gnd/5127949-6,51.4263,-0.5631,Englefield Green,2649992,51.42845,-0.57551,United Kingdom,city
Regency Town House,http://d-nb.info/gnd/6525998-1,50.8253,-0.1594,Hove,2646504,50.83088,-0.1672,United Kingdom,city
Queen Mary University,http://d-nb.info/gnd/6029847-9,51.5248,-0.0385,East London,6692464,51.52332,-0.03888,United Kingdom,city
National Library of Scotland,http://d-nb.info/gnd/1005767-5,55.9483,-3.1918,Old Town,7644905,55.94854,-3.19462,United Kingdom,city
London Library,http://d-nb.info/gnd/35655-4,51.507331,-0.136694,St James's,6615507,51.5073,-0.13982,United Kingdom,city
Leeds Metropolitan University,http://d-nb.info/gnd/16012590-X,55.94542,-3.19115,Leeds,3333164,53.79644,-1.5477,United Kingdom,city
King's College London (Department of History),,51.504866,-0.112719,London,2643743,51.50853,-0.12574,United Kingdom,city
King's College London (Department of Digital Humanities),,51.51501,-0.12282,Covent Garden,2652222,51.51424,-0.12471,United Kingdom,city
King’s College London (Department of Classics),,51.512091,-0.116056,Covent Garden,2652222,51.51424,-0.12471,United Kingdom,city
King's College London,,51.511485,-0.116016,London,2643743,51.50853,-0.12574,United Kingdom,city
Keele University,http://d-nb.info/gnd/42232-0,53.003441,-2.272032,Keele,2645897,53.00382,-2.28741,United Kingdom,city
Cardiff University,http://d-nb.info/gnd/10050925-3,51.486629,-3.178873,Cathays Park,2653514,51.4866,-3.18395,United Kingdom,city
British Library,http://d-nb.info/gnd/1005765-1,51.9975,-0.127697,Wallington,2634866,51.98785,-0.11898,United Kingdom,city
British Academy,http://d-nb.info/gnd/2006093-2,51.506626,-0.130627,London,2643743,51.50853,-0.12574,United Kingdom,city
Bodleian Library,http://d-nb.info/gnd/38352-1,51.7549,-1.2544,Oxford,2640729,51.75222,-1.25596,United Kingdom,city
Birkbeck College,http://d-nb.info/gnd/1015698-7,51.521927,-0.130204,Russell Square,10858976,51.52153,-0.1263,United Kingdom,city
Canterbury Christ Church University,http://d-nb.info/gnd/1073847195,51.277936,1.090671,Canterbury,2653877,51.27904,1.07992,United Kingdom,city
Hellenic Institute of Royal Holloway,,51.425240,-0.567398,Egham,2650188,51.43158,-0.55239,United Kingdom,city
University of Washington,http://d-nb.info/gnd/36224-4,47.6608,-122.3167,University District,7153937,47.66028,-122.31167,United States,city
University of Virginia,http://d-nb.info/gnd/5145804-4,38.0369,-78.5028,McCormick Road Houses,4772213,38.03542,-78.51168,United States,city
University of Pennsylvania,http://d-nb.info/gnd/1071874950,39.952218,-75.193209,University City,4561871,39.95071,-75.19476,United States,city
University of Oregon,http://d-nb.info/gnd/10140521-2,44.04483,-123.072606,Eugene,5725846,44.05207,-123.08675,United States,city
University of North Carolina,http://d-nb.info/gnd/74337-9,35.904917,-79.046881,Chapel Hill,4460162,35.9132,-79.05584,United States,city
University of Nebraska,http://d-nb.info/gnd/1034526-7,40.816929,-96.702476,Countryside Estates,5066320,40.83667,-96.71946,United States,city
University of Maryland,http://d-nb.info/gnd/1048209997,38.986931,-76.942555,College Park,4351977,38.98067,-76.93692,United States,city
University of Kentucky,http://d-nb.info/gnd/1042848-3,38.0368,-84.5053,Hollywood,4295089,38.02786,-84.49355,United States,city
University of Chicago Library,http://d-nb.info/gnd/64684-2,41.792179,-87.59993,Hyde Park,4896728,41.7942,-87.59394,United States,city
University of California Irvine,http://d-nb.info/gnd/26537-8,33.6506,-117.8425,Irvine,5359777,33.66946,-117.82311,United States,city
University of California,http://d-nb.info/gnd/2025100-2,37.8773,-122.2451,Southside,11126294,37.86747,-122.25281,United States,city
University of California Press,,37.949408,-122.367276,Richmond,5387428,37.93576,-122.34775,United States,city
California Digital Library,,37.808471,-122.267483,Oakland,5378538,37.80437,-122.2708,United States,city
Texas A&M University,http://d-nb.info/gnd/140763-6,30.613301,-96.339906,Spear,4733497,30.60159,-96.33691,United States,city
Southeastern Louisiana University,,30.51933,-90.469962,University Place,4344353,30.51686,-90.47453,United States,city
Society of Biblical Literature,http://d-nb.info/gnd/4181719-9,33.801862,-84.320123,Turner Village,4227430,33.80094,-84.3277,United States,city
Rutgers University,http://d-nb.info/gnd/5281802-0,40.500886,-74.447373,New Brunswick,5101717,40.48622,-74.45182,United States,city
Roy Rosenzweig Center for History and New Media (George Mason University),,38.83323,-77.3082,Green Acres,4762018,38.83983,-77.3036,United States,city
Princeton University,http://d-nb.info/gnd/1011480-4,40.343985,-74.651459,Princeton,5102922,40.34872,-74.65905,United States,city
Northwestern University Library,http://d-nb.info/gnd/1044287-X,42.0537,-87.6733,South Evanston,4911902,42.03725,-87.68061,United States,city
New York Public Library,http://d-nb.info/gnd/1024673-3,40.7538,-73.9817,Diamond District,6944378,40.7566,-73.9786,United States,city
Maryland Institute of Technology in the Humanities (MITH),,38.98597,-76.94505,College Park,4351977,38.98067,-76.93692,United States,city
Loyola University Chicago,http://d-nb.info/gnd/10072143-6,41.999803,-87.658218,North Edgewater,4903885,41.99337,-87.66228,United States,city
Harry Ransom Humanities Research Center,http://d-nb.info/gnd/3018790-4,30.284362,-97.741263,Austin,4671654,30.26715,-97.74306,United States,city
Getty Research Institute,http://d-nb.info/gnd/10069245-X,34.076908,-118.475506,Westgate Heights,5408363,34.0664,-118.47314,United States,city
Folger Shakespeare Library,http://d-nb.info/gnd/16140610-5,38.889369,-77.002748,Washington DC,4138106,38.91706,-77.00025,United States,city
Brown University,http://d-nb.info/gnd/221387-4,41.82639,-71.40021,Cork Hill (historical),5221655,41.81927,-71.40089,United States,city
Bowling Green State University,http://d-nb.info/gnd/1010847-6,41.3771,-83.6266,Bowling Green,5147968,41.37477,-83.65132,United States,city
Arizona State University,http://d-nb.info/gnd/1039847-8,33.6094,-112.1597,Westcliff Park,5320418,33.6131,-112.1546,United States,city
California Institute of Technology,http://d-nb.info/gnd/5084090-3,34.137657,-118.125291,Oak Knoll,5378360,34.12445,-118.1359,United States,city
University of Ohio,,39.324446,-82.101417,Athens,4505542,39.32924,-82.10126,United States,city
University of California Santa Barbara,http://d-nb.info/gnd/1055045-8,34.413936,-119.848979,Isla Vista,5359864,34.41333,-119.86097,United States,city
University of Michigan,http://d-nb.info/gnd/1011457-9,42.27804,-83.738239,Ann Arbor,4984247,42.27756,-83.74088,United States,city
Intelex Corporation,,38.030571,-78.481133,Charlottesville,4752031,38.02931,-78.47668,United States,city
University of Pittsburgh (Department of Slavic Languages and Literatures),,40.444269,-79.953289,Pittsburgh,5206379,40.44062,-79.99589,United States,city
American Council of Learned Societies,http://d-nb.info/gnd/40535-8,40.749655,-73.974965,Tudor City,6332416,40.74861,-73.97139,United States,city
Institute for the Study of the Ancient World,,40.779927,-73.960265,New York City,5128581,40.71427,-74.00597,United States,city
Google,,37.41986,-122.078831,Palo Alto,5380748,37.44188,-122.14302,United States,city
University of Michigan Press,,42.270756,-83.746844,Ann Arbor,4984247,42.27756,-83.74088,United States,city
Center for Hellenic Studies,,38.917565,-77.062046,Washington DC,4138106,38.91706,-77.00025,United States,city
Rochester Institute of Technology,,43.086106,-77.670501,Rochester,5134086,43.15478,-77.61556,United States,city
Indiana University of Pennsylvania,,40.614226,-79.161084,Indiana,4921868,40.00032,-86.25027,United States,city
Ball State University,,40.206105,-85.406993,Muncie,4924006,40.19338,-85.38636,United States,city
Brigham Young University,,40.251872,-111.649377,Provo,5780026,40.23384,-111.65853,United States,city
Buffalo Bill Center of the West,,44.525615,-109.073314,Cody,1586861,44.523333,-109.057222,United States,city
Dumbarton Oaks,,38.914149,-77.064011,Washington DC,4138106,38.91706,-77.00025,United States,city
"Huntingon Library, Art Collections, and Botanical Gardens",,34.129041,-118.114517,San Marino,5392400,34.1214,-118.10646,United States,city
Houghton Library,,42.373169,-71.115915,Cambridge,4931972,42.3751,-71.10561,United States,city
Gladys Krieble Delmas Foundation,,40.751219,-73.979982,New York City,5128581,40.71427,-74.00597,United States,city
Ramapo College of New Jersey,,41.081503,-74.174627,Mahwah,5100776,41.08871,-74.14376,United States,city
Facultad de Filosofía y Letras Universidad Nacional Autónoma de México (UNAM),,19.333993,-99.186841,Mexico City,3530597,19.42847,-99.12766,Mexico,city
N/A,,,,,,,,,
Various,,,,,,,,,
not provided,,,,,,,,,
